mining_mode,workload,round,send_rate_tps,submitted,succeeded,failed,max_latency_s,min_latency_s,avg_latency_s,throughput_tps
instant,registerBatch,5tps,5.1,41,41,0,0.07,0.04,0.05,5.1
instant,registerBatch,10tps,10.1,81,81,0,0.07,0.03,0.04,10.1
instant,initiateTransfer,5tps,5.1,41,41,0,0.05,0.03,0.03,5.1
instant,initiateTransfer,10tps,10.1,81,81,0,0.05,0.03,0.03,10.1
instant,acceptTransfer,5tps,5.1,41,41,0,0.05,0.03,0.04,5.0
instant,acceptTransfer,10tps,10.1,81,81,0,0.05,0.03,0.03,10.1
instant,dispense,5tps,5.1,41,41,0,0.05,0.03,0.03,5.1
instant,dispense,10tps,10.1,81,81,0,0.06,0.03,0.04,10.1
instant,verify,5tps,5.1,41,41,0,0.03,0.01,0.01,5.1
instant,verify,10tps,10.1,81,81,0,0.03,0.01,0.01,10.1
fixed-blocktime-2s,registerBatch,5tps,5.1,41,16,25,2.41,0.14,1.10,0.4
fixed-blocktime-2s,registerBatch,10tps,10.1,81,81,0,3.18,0.09,1.49,8.2
fixed-blocktime-2s,initiateTransfer,5tps,5.1,41,41,0,2.49,0.08,1.22,5.1
fixed-blocktime-2s,initiateTransfer,10tps,10.1,81,81,0,3.41,0.11,1.57,8.1
fixed-blocktime-2s,acceptTransfer,5tps,5.1,41,41,0,2.49,0.12,1.26,4.7
fixed-blocktime-2s,acceptTransfer,10tps,10.1,81,81,0,3.50,0.13,1.62,9.6
fixed-blocktime-2s,dispense,5tps,5.1,41,41,0,2.48,0.09,1.30,4.4
fixed-blocktime-2s,dispense,10tps,10.1,81,81,0,3.38,0.11,1.54,9.8
fixed-blocktime-2s,verify,5tps,5.1,41,41,0,0.04,0.02,0.02,5.1
fixed-blocktime-2s,verify,10tps,10.1,81,81,0,0.04,0.02,0.02,10.1
